delicious,おいしい,おいしい,oishii,Lesson 2,i-adjective
expensive; high,高い,たかい,takai,Lesson 2,i-adjective
early,早い,はやい,hayai,Lesson 3,i-adjective
good,いい,いい,ii,Lesson 3,i-adjective
beautiful; clean,きれい（な）,きれい（な）,kirei (na),Lesson 5,na-adjective
boring,つまらない,つまらない,tsumaranai,Lesson 5,i-adjective
busy (people/days),忙しい,いそがしい,isogashii,Lesson 5,i-adjective
cold (weather—not used for things),寒い,さむい,samui,Lesson 5,i-adjective
delicious,おいしい,おいしい,oishii,Lesson 5,i-adjective
difficult,難しい,むずかしい,muzukashii,Lesson 5,i-adjective
disgusted with; to dislike (~ga),嫌い（な）,きらい（な）,kirai (na),Lesson 5,na-adjective
easy (problem); kind (person),優しい,やさしい,yasashii,Lesson 5,i-adjective
fond of; to like (~ga),好き（な）,すき（な）,suki (na),Lesson 5,na-adjective
frightening,怖い,こわい,kowai,Lesson 5,i-adjective
fun,楽しい,たのしい,tanoshii,Lesson 5,i-adjective
good-looking (conjugates like ii),かっこいい,かっこいい,kakkoii,Lesson 5,i-adjective
healthy; energetic,元気（な）,げんき（な）,genki (na),Lesson 5,na-adjective
hot (thing),熱い,あつい,atsui,Lesson 5,i-adjective
hot (weather),暑い,あつい,atsui,Lesson 5,i-adjective
inexpensive; cheap (thing),安い,やすい,yasui,Lesson 5,i-adjective
interesting; funny,面白い,おもしろい,omoshiroi,Lesson 5,i-adjective
large,大きい,おおきい,ookii,Lesson 5,i-adjective
lively,賑やか（な）,にぎやか（な）,nigiyaka (na),Lesson 5,na-adjective
new,新しい,あたらしい,atarashii,Lesson 5,i-adjective
not busy; free (time),暇（な）,ひま（な）,hima (na),Lesson 5,na-adjective
old (thing—not used for people),古い,ふるい,furui,Lesson 5,i-adjective
quiet,静か（な）,しずか（な）,shizuka (na),Lesson 5,na-adjective
small,小さい,ちいさい,chiisai,Lesson 5,i-adjective
to hate (~ga),大嫌い（な）,だいきらい（な）,daikirai (na),Lesson 5,na-adjective
very fond of; to love (~ga),大好き（な）,だいすき（な）,daisuki (na),Lesson 5,na-adjective