A.M.,午前,ごぜん,gozen,Lesson 1
Asian studies,アジア研究,あじあけんきゅう,ajia kenkyuu,Lesson 1
biology,生物学,せいぶつがく,seibutsu gaku,Lesson 1
business,ビジネス,びじねす,bijinesu,Lesson 1
computer,コンピューター,こんぴゅーたー,konpyuutaa,Lesson 1
economics,経済,けいざい,keizai,Lesson 1
engineering,工学,こうがく,kougaku,Lesson 1
half,半,はん,han,Lesson 1
half past two,二時半,にじはん,niji han,Lesson 1
history,歴史,れきし,rekishi,Lesson 1
I see.; Is that so?,そうですか,そうですか,sou desu ka,Lesson 1
international relations,国際関係,こくさいかんけい,kokusai kankei,Lesson 1
Japanese language,日本語,にほんご,nihongo,Lesson 1
... language,〜語,〜ご,...go,Lesson 1
literature,文学,ぶんがく,bungaku,Lesson 1
major,専攻,せんこう,senkou,Lesson 1
name,名前,なまえ,namae,Lesson 1
now,今,いま,ima,Lesson 1
number,番号,ばんごう,bangou,Lesson 1
number ...,〜番,〜ばん,...ban,Lesson 1
o'clock,〜時,〜じ,...ji,Lesson 1
one o'clock,一時,いちじ,ichiji,Lesson 1
P.M.,午後,ごご,gogo,Lesson 1
politics,政治,せいじ,seiji,Lesson 1
That's right.,そうです,そうです,sou desu,Lesson 1
um ...,あのお,あのお,anoo,Lesson 1
what,何,なん/なに,nan/nani,Lesson 1
... years old,〜歳,〜さい,...sai,Lesson 1
yes,はい,はい,hai,Lesson 1
job; work,仕事,しごと,shigoto,Lesson 1
family,家族,かぞく,kazoku,Lesson 1
that ...,その,その,sono,Lesson 2
that ... (over there),あの,あの,ano,Lesson 2
that one,それ,それ,sore,Lesson 2
that one (over there),あれ,あれ,are,Lesson 2
this ...,この,この,kono,Lesson 2
this one,これ,これ,kore,Lesson 2
which ...,どの,どの,dono,Lesson 2
which one,どれ,どれ,dore,Lesson 2
English (language),英語,えいご,eigo,Lesson 2
how much,いくら,いくら,ikura,Lesson 2
Please give me ...,（〜を）ください,（〜を）ください,(... o) kudasai,Lesson 2
Please.; Here it is.,どうぞ,どうぞ,doozo,Lesson 2
Thank you.,どうも,どうも,doumo,Lesson 2
Welcome (to our store).,いらっしゃいませ,いらっしゃいませ,irasshaimase,Lesson 2
... please.,（〜を）おねがいします,（〜を）おねがいします,(... o) onegaishimasu,Lesson 2
... yen,〜円,〜えん,... en,Lesson 2
then ...; if that is the case, ...じゃあ;じゃあ,  ...じゃあ;じゃあ,jaa,Lesson 2
at about ...,〜ごろ,〜ごろ,... goro,Lesson 3
but,でも,でも,demo,Lesson 3
every day,毎日,まいにち,mainichi,Lesson 3
every night,毎晩,まいばん,maiban,Lesson 3
How about ...?; How is ...?,どうですか,どうですか,dou desu ka,Lesson 3
morning,朝,あさ,asa,Lesson 3
Saturday,土曜日,どようび,doyoubi,Lesson 3
Sunday,日曜日,にちようび,nichiyoubi,Lesson 3
That's right.; Let me see.,そうですね,そうですね,sou desu ne,Lesson 3
today,今日,きょう,kyou,Lesson 3
tomorrow,明日,あした,ashita,Lesson 3
tonight,今晩,こんばん,konban,Lesson 3
weekend,週末,しゅうまつ,shuumatsu,Lesson 3
when,いつ,いつ,itsu,Lesson 3
yes,ええ,ええ,ee,Lesson 3
about (approximate measurement),〜ぐらい,〜ぐらい,... gurai,Lesson 4
and then,それから,それから,sorekara,Lesson 4
class,クラス,くらす,kurasu,Lesson 4
Friday,金曜日,きんようび,kin'youbi,Lesson 4
Hello? (used on the phone),もしもし,もしもし,moshimoshi,Lesson 4
I'm sorry.,ごめんなさい,ごめんなさい,gomen nasai,Lesson 4
last week,先週,せんしゅう,senshuu,Lesson 4
Monday,月曜日,げつようび,getsuyoubi,Lesson 4
one hour,一時間,いちじかん,ichijikan,Lesson 4
so; therefore,だから,だから,dakara,Lesson 4
Thursday,木曜日,もくようび,mokuyoubi,Lesson 4
together with (a person); and,〜と,〜と,... to,Lesson 4
Tuesday,火曜日,かようび,kayoubi,Lesson 4
Wednesday,水曜日,すいようび,suiyoubi,Lesson 4
when ...; at the time of ...,時,とき,toki,Lesson 4
why,どうして,どうして,doushite,Lesson 4
yesterday,昨日,きのう,kinou,Lesson 4
... hours,〜時間,〜じかん,... jikan,Lesson 4
birthday,誕生日,たんじょうび,tanjoubi,Lesson 5
counter for flat objects,〜枚,〜まい,... mai,Lesson 5
holiday; day off; absence,休み,やすみ,yasumi,Lesson 5
It's okay.; Not to worry.; Everything is under control.,大丈夫,だいじょうぶ,daijoubu,Lesson 5
together,一緒に,いっしょに,issho ni,Lesson 5
travel,旅行,りょこう,ryokou,Lesson 5
weather,天気,てんき,tenki,Lesson 5
what kind of ...,どんな,どんな,donna,Lesson 5