college student,大学生,だいがくせい,daigakusei,Lesson 1,people
doctor,医者,いしゃ,isha,Lesson 1,people
first-year student,一年生,いちねんせい,ichinensei,Lesson 1,people
friend,友達,ともだち,tomodachi,Lesson 1,people
graduate student,大学院生,だいがくいんせい,daigakuinsei,Lesson 1,people
high school student,高校生,こうこうせい,koukousei,Lesson 1,people
housewife,主婦,しゅふ,shufu,Lesson 1,people
I,私,わたし,watashi,Lesson 1,people
international student,留学生,りゅうがくせい,ryuugakusei,Lesson 1,people
Japanese people,日本人,にほんじん,nihonjin,Lesson 1,people
lawyer,弁護士,べんごし,bengoshi,Lesson 1,people
Mr./Ms. ...,〜さん,〜さん,...san,Lesson 1,people
father,お父さん,おとうさん,otousan,Lesson 1,people
mother,お母さん,おかあさん,okaasan,Lesson 1,people
nurse,看護師,かんごし,kangoshi,Lesson 1,people
office worker,会社員,かいしゃいん,kaishain,Lesson 1,people
older brother,お兄さん,おにいさん,oniisan,Lesson 1,people
older sister,お姉さん,おねえさん,oneesan,Lesson 1,people
... people,〜人,〜じん,...jin,Lesson 1,people
student,学生,がくせい,gakusei,Lesson 1,people
teacher; Professor ...,先生,せんせい,sensei,Lesson 1,people
... year student,〜年生,〜ねんせい,...nensei,Lesson 1,people
younger brother,弟,おとうと,otouto,Lesson 1,people
younger sister,妹,いもうと,imouto,Lesson 1,people
who,誰,だれ,dare,Lesson 2,people
child,子供,こども,kodomo,Lesson 4,people
person,人,ひと,hito,Lesson 4,people
you,あなた,あなた,anata,Lesson 4,people
I (used by men),僕,ぼく,boku,Lesson 5,people