Australia,オーストラリア,おーすとらりあ,Oosutoraria,Lesson 1
Britain,イギリス,いぎりす,Igirisu,Lesson 1
Canada,カナダ,かなだ,Kanada,Lesson 1
China,中国,ちゅうごく,Chuugoku,Lesson 1
college; university,大学,だいがく,daigaku,Lesson 1
country,国,くに,kuni,Lesson 1
Egypt,エジプト,えじぷと,Ejiputo,Lesson 1
high school,高校,こうこう,koukou,Lesson 1
India,インド,いんど,Indo,Lesson 1
Japan,日本,にほん,Nihon,Lesson 1
Korea,韓国,かんこく,Kankoku,Lesson 1
Philippines,フィリピン,ふぃりぴん,Firipin,Lesson 1
U.S.A.,アメリカ,あめりか,Amerika,Lesson 1
here,ここ,ここ,koko,Lesson 2
over there,あそこ,あそこ,asoko,Lesson 2
there,そこ,そこ,soko,Lesson 2
where,どこ,どこ,doko,Lesson 2
bank,銀行,ぎんこう,ginkou,Lesson 2
convenience store,コンビニ,こんびに,konbini,Lesson 2
library,図書館,としょかん,toshokan,Lesson 2
post office,郵便局,ゆうびんきょく,yuubinkyoku,Lesson 2
toilet; restroom,トイレ,といれ,toire,Lesson 2