college; university,大学,だいがく,daigaku,Lesson 1
high school,高校,こうこう,koukou,Lesson 1
college student,大学生,だいがくせい,daigakusei,Lesson 1
international student,留学生,りゅうがくせい,ryuugakusei,Lesson 1
student,学生,がくせい,gakusei,Lesson 1
teacher; professor,先生,せんせい,sensei,Lesson 1
major,専攻,せんこう,senkou,Lesson 1
... year student,〜年生,〜ねんせい,... nensei,Lesson 1
first-year student,一年生,いちねんせい,ichinensei,Lesson 1
second-year student,二年生,にねんせい,ninensei,Lesson 1
third-year student,三年生,さんねんせい,sannensei,Lesson 1
fourth-year student,四年生,よねんせい,yonensei,Lesson 1